{
  "accuracy": [
    0.4365389049053192,
    0.5992655754089355,
    0.7475327253341675,
    0.8813403844833374,
    0.9439981579780579,
    0.9355061054229736
  ],
  "loss": [
    0.9521010518074036,
    0.5685420632362366,
    0.2949610650539398,
    0.11398186534643173,
    0.052981313318014145,
    0.05607778578996658
  ],
  "val_accuracy": [
    0.4987013041973114,
    0.5298701524734497,
    0.633766233921051,
    0.6831169128417969,
    0.6870129704475403,
    0.6844155788421631
  ],
  "val_loss": [
    0.7730042338371277,
    0.580411970615387,
    0.5967990159988403,
    0.7566326856613159,
    0.7759951949119568,
    0.7544168829917908
  ],
  "learning_rate": [
    0.0010000000474974513,
    0.0010000000474974513,
    0.0010000000474974513,
    0.0010000000474974513,
    0.0005000000237487257,
    0.0005000000237487257
  ],
  "val_macro_f1": [
    0.3856991524224728,
    0.46932345910807005,
    0.525421440459782,
    0.5451336902913749,
    0.5436528319693863,
    0.5399369240413023
  ]
}